,Category_ID,Percent_Return,_id,urlname
0,24,0.29411764705882354,5c66ff1e0f19850d1d7a494a,Paranormal-Events-of-Utah
1,24,1.0,5c66ff1e0f19850d1d7a494b,Coldspotters-Greater-Vancouver-Ghost-Enthusiastss
2,24,1.0,5c66ff1e0f19850d1d7a494c,bay-area-paranormals
3,1,1.0,5c66ff1e0f19850d1d7a494d,The-Storytellers-Night
4,1,1.0,5c66ff1e0f19850d1d7a494e,Freehand-Drawing-in-Melbourne
5,1,1.0,5c66ff1e0f19850d1d7a494f,French-Culture-Edmonton-Meetup-Group
6,1,1.0,5c66ff1e0f19850d1d7a4950,Naperville-Arts-Crafts-Meetup
7,1,0.5268817204301075,5c66ff1e0f19850d1d7a4951,Arty-Creatives-Edinburgh-ACE
8,1,0.37786259541984735,5c66ff1e0f19850d1d7a4952,Art-Gallery-Crawl-in-Barcelona
9,1,0.4044943820224719,5c66ff1e0f19850d1d7a4953,English-Speaking-Sketchbook-Group-ESSG
10,1,0.2571428571428571,5c66ff1e0f19850d1d7a4954,http-theoldstonehouse-org-events
11,1,0.47736976942783943,5c66ff1e0f19850d1d7a4955,Holborn-Life-Drawing
12,1,0.19117647058823528,5c66ff1e0f19850d1d7a4956,artmasters-stuttgart
13,1,0.19047619047619047,5c66ff1e0f19850d1d7a4957,meetup-group-zZfIpsjc
14,1,1.0,5c66ff1e0f19850d1d7a4958,Elyria-Watercolor-Meetup
15,1,0.425,5c66ff1e0f19850d1d7a4959,Meetup-Musiciens-Cannes
16,1,0.0,5c66ff1e0f19850d1d7a495a,Real-Funny-Dallas-Truth-in-Comedy
17,1,0.16030534351145037,5c66ff1e0f19850d1d7a495b,OpenSourceGallery
18,1,0.1875,5c66ff1e0f19850d1d7a495c,Sydney-creative-meetups-classes
19,1,0.1875,5c66ff1e0f19850d1d7a495d,ConsciousCreatives
20,1,0.14285714285714285,5c66ff1e0f19850d1d7a495e,Method-Acting-a-range-of-techniquesWorkshop
21,1,0.14285714285714285,5c66ff1e0f19850d1d7a495f,Boulder-Tiny-Home-Living-Meetup
22,1,0.36363636363636365,5c66ff1e0f19850d1d7a4960,StageCoach-Theatre-Acting-and-Improv-Meetup
23,1,0.19607843137254902,5c66ff1e0f19850d1d7a4961,Venez-vous-essayer-a-limprovisation
24,1,0.25,5c66ff1e0f19850d1d7a4962,Hong-Kong-Life-Drawing-Meetup
25,1,1.0,5c66ff1e0f19850d1d7a4963,Calavera-Theatre-Company-Groupies
26,1,0.08333333333333333,5c66ff1e0f19850d1d7a4964,Drawing-FX-Makeup-Body-Painting-Comics-Events-Classes
27,1,0.2,5c66ff1e0f19850d1d7a4965,meetup-group-ULjfeTbT
28,1,0.19047619047619047,5c66ff1e0f19850d1d7a4966,ImprovFOMO
29,1,0.25,5c66ff1e0f19850d1d7a4967,spiritualexplorers
30,1,0.0,5c66ff1f0f19850d1d7a4968,winstitute
31,1,0.5,5c66ff1f0f19850d1d7a4969,Charlottesville-Artists
32,1,0.49230769230769234,5c66ff1f0f19850d1d7a496a,Acting-and-Film-Making
33,1,0.08333333333333333,5c66ff1f0f19850d1d7a496b,Artivate-Meetup
34,1,1.0,5c66ff1f0f19850d1d7a496c,ArgentCombat
35,1,0.0,5c66ff1f0f19850d1d7a496d,meetup-group-igBHxRHA
36,1,0.25,5c66ff1f0f19850d1d7a496e,Artists-International-Art-Workshops
37,1,0.0,5c66ff1f0f19850d1d7a496f,Paint-Plus-Sip-NYC
38,1,0.2631578947368421,5c66ff1f0f19850d1d7a4970,EastsideArtsCollective
39,1,0.25,5c66ff1f0f19850d1d7a4971,Tisbury-Introduction-to-Improv-Games-Meetup
40,1,0.19607843137254902,5c66ff1f0f19850d1d7a4972,London-CBC-construction-blockchain-consortium-Meetup
41,1,0.4,5c66ff1f0f19850d1d7a4973,Bromley-portrait-painting-and-drawing-class-at-Ripley
42,1,0.25,5c66ff1f0f19850d1d7a4974,Amsterdam-Art-Club
43,1,0.11458333333333333,5c66ff1f0f19850d1d7a4975,amateursartparis
44,1,0.10526315789473684,5c66ff1f0f19850d1d7a4976,Theatre-dimpro-Bordeaux
45,1,0.0,5c66ff1f0f19850d1d7a4977,Gor-det-sjalv-improvisationsteater
46,1,0.3484848484848485,5c66ff1f0f19850d1d7a4978,Parisii-Life-Portrait-Drawing
47,1,0.15555555555555556,5c66ff1f0f19850d1d7a4979,Life-drawing-Frameworks
48,1,0.09375,5c66ff1f0f19850d1d7a497a,bah-behance-portfolio-review2015
49,1,0.23076923076923078,5c66ff1f0f19850d1d7a497b,Indigo-Awakening
50,1,0.14285714285714285,5c66ff1f0f19850d1d7a497c,Singapore-ArtOfMovement-Meetup
51,12,0.4824561403508772,5c66ff1f0f19850d1d7a497d,MAXSanFrancisco
52,12,0.3591549295774648,5c66ff1f0f19850d1d7a497e,LGBT-Meetup-for-all-in-the-community
53,12,0.5232558139534884,5c66ff1f0f19850d1d7a497f,Madrid-Lesbian-English-Meetup
54,12,0.1111111111111111,5c66ff1f0f19850d1d7a4980,LGBTQ-Events-and-Activities-with-Metro-Inclusive-Health
55,12,0.8,5c66ff1f0f19850d1d7a4981,Asians-and-Friends-Atlanta
56,12,0.4621212121212121,5c66ff1f0f19850d1d7a4982,Triangle-Community-Center-Norwalk-Connecticut
57,12,0.48936170212765956,5c66ff1f0f19850d1d7a4983,Toronto-gay-men-who-want-to-be-dads
58,12,0.4189189189189189,5c66ff1f0f19850d1d7a4984,PLAY-in-The-Bay
59,12,0.3626943005181347,5c66ff1f0f19850d1d7a4985,Unity-Pride-Gay-Mens-Spirituality-Group
60,12,0.3888888888888889,5c66ff1f0f19850d1d7a4986,Women-Coming-Out-of-Straight-Marriage
61,12,0.2,5c66ff1f0f19850d1d7a4987,LGBTQ-Comic-Book-Movie-Lovers
62,12,0.3333333333333333,5c66ff1f0f19850d1d7a4988,Dade-City-LGBT-Social-Group-Meetup
63,12,0.2619047619047619,5c66ff1f0f19850d1d7a4989,Lesbian-Mixers-Minglers-in-the-Mid-Peninsula-San-Jose
64,12,0.0,5c66ff1f0f19850d1d7a498a,Vegas-Nights
65,12,0.23333333333333334,5c66ff200f19850d1d7a498b,DotOUT
66,12,0.0,5c66ff200f19850d1d7a498c,LGBT-Curiosity-killed-the-dog
67,12,0.0,5c66ff200f19850d1d7a498d,ELLA-Lesbian-Community-Palma
68,2,0.0679304897314376,5c66ff200f19850d1d7a498e,Natural-Marketing
69,2,0.33848314606741575,5c66ff200f19850d1d7a498f,CSM-IL
70,2,0.38052373158756136,5c66ff200f19850d1d7a4990,Syd-Technology-Leaders
71,2,0.4508426966292135,5c66ff200f19850d1d7a4991,London-behavioural-comms-monthly-informal-drinks
72,2,0.5343855693348365,5c66ff200f19850d1d7a4992,Dallas-Referrals-Network
73,2,0.5202163275817667,5c66ff200f19850d1d7a4993,Lounge47
74,2,0.29069767441860467,5c66ff200f19850d1d7a4994,rainbow-toastmasters-sf
75,2,0.39372138652714195,5c66ff200f19850d1d7a4995,Houston-Real-Estate-Networking-Club
76,2,0.4323748668796592,5c66ff200f19850d1d7a4996,breathmeditation
77,2,0.30988023952095806,5c66ff200f19850d1d7a4997,CASSToastmasters
78,2,0.6958762886597938,5c66ff200f19850d1d7a4998,Eventertain
79,2,0.7116564417177914,5c66ff200f19850d1d7a4999,Networking-In-the-Forest-Meetup
80,2,0.3017543859649123,5c66ff200f19850d1d7a499a,sdreig
81,2,0.13432835820895522,5c66ff200f19850d1d7a499b,CoFounder-Club-Toronto
82,2,0.4243369734789392,5c66ff200f19850d1d7a499c,MADQA-Grupo-Meetup-de-QA-y-TESTING-de-SOFTWARE-en-Madrid
83,2,0.4517766497461929,5c66ff200f19850d1d7a499d,Women-Growing-Together-Lean-In-Circle
84,2,0.3247422680412371,5c66ff200f19850d1d7a499e,BAME-in-Games
85,2,0.4482758620689655,5c66ff200f19850d1d7a499f,Landlord-Mastermind-Open-Meetings-dfw
86,2,0.3188010899182561,5c66ff200f19850d1d7a49a0,VancouverAngelInvestors
87,2,0.45791245791245794,5c66ff200f19850d1d7a49a1,Dallas-Bitcoin-User-Meetup
88,2,0.12,5c66ff200f19850d1d7a49a2,London-Built-Environment
89,2,0.5494505494505495,5c66ff200f19850d1d7a49a3,Orange-County-Option-trading-group
90,2,0.25272331154684097,5c66ff200f19850d1d7a49a4,RisingClub
91,2,0.3253968253968254,5c66ff200f19850d1d7a49a5,meetup-group-tYKEGzfo
92,2,0.43001443001443,5c66ff200f19850d1d7a49a6,Stamford-Tech-Meetup
93,2,0.23076923076923078,5c66ff200f19850d1d7a49a7,mobilenetworking
94,2,0.8809523809523809,5c66ff200f19850d1d7a49a8,East-LKN-Womens-Networking-Group
95,2,0.4050632911392405,5c66ff200f19850d1d7a49a9,cashflow-237
96,2,0.34782608695652173,5c66ff200f19850d1d7a49aa,New-York-Seed-Series-A-Companies-Raising-Capital
97,2,0.5561797752808989,5c66ff200f19850d1d7a49ab,Around-North-Dallas-Business-Networking
98,2,0.21935483870967742,5c66ff210f19850d1d7a49ac,Koln-Innovation-Meetup-jobs-to-be-done
99,2,0.34405594405594403,5c66ff210f19850d1d7a49ad,goreia
100,2,0.23076923076923078,5c66ff210f19850d1d7a49ae,Hertfordshire-Entrepreneurs-Meetup-work-life-balance
101,2,0.17269076305220885,5c66ff210f19850d1d7a49af,Atlanta-Live-Music-Meetups
102,2,0.09722222222222222,5c66ff210f19850d1d7a49b0,MASTERCLASS-Business-Mindset-Kommunikation
103,2,0.36585365853658536,5c66ff210f19850d1d7a49b1,FIRE-Financial-Independence-Retire-Early-Local-Meetup
104,2,0.5333333333333333,5c66ff210f19850d1d7a49b2,HealthandLifestyleNetworkGroup
105,2,0.4180522565320665,5c66ff210f19850d1d7a49b3,Entrepreneurs-Exchange-in-Dusseldorf
106,2,0.6496062992125984,5c66ff210f19850d1d7a49b4,WVCREG
107,2,0.2857142857142857,5c66ff210f19850d1d7a49b5,WOVEN-Meetup-for-Military-Women-Entrepreneurs
108,2,0.37142857142857144,5c66ff210f19850d1d7a49b6,ottawashutterbugs
109,2,0.3870967741935484,5c66ff210f19850d1d7a49b7,meetup-group-MIbJEdoZ
110,2,0.2222222222222222,5c66ff210f19850d1d7a49b8,London-Sales-Operations-Meetup
111,2,0.5555555555555556,5c66ff210f19850d1d7a49b9,Woodstock-Christian-Business-Network
112,2,0.15517241379310345,5c66ff210f19850d1d7a49ba,CashFlow-Club-VA
113,2,0.3,5c66ff210f19850d1d7a49bb,Educated-Investor
114,2,0.4166666666666667,5c66ff210f19850d1d7a49bc,IN-NEPA-Investors-in-Northeastern-PA-Real-Estate-Meetup
115,2,0.4911504424778761,5c66ff210f19850d1d7a49bd,NAAAP-Boston
116,2,0.4024390243902439,5c66ff210f19850d1d7a49be,Apero-RH
117,2,0.26436781609195403,5c66ff210f19850d1d7a49bf,Arlington-Airbnb-Meetup
118,2,0.16981132075471697,5c66ff210f19850d1d7a49c0,Stock-market-Art-of-stock-Picking-Meetup
119,2,0.3274336283185841,5c66ff210f19850d1d7a49c1,Government-Contractors-Association
120,2,0.34328358208955223,5c66ff210f19850d1d7a49c2,East-Cleveland-Ohio-REIA
121,2,0.37349397590361444,5c66ff210f19850d1d7a49c3,Bowie-Professional-Development-Meetup
122,2,0.23333333333333334,5c66ff210f19850d1d7a49c4,Innovating-Justice-Johannesburg
123,2,0.19402985074626866,5c66ff210f19850d1d7a49c5,Mastermind-Mondays-For-Female-Entrepreneurs
124,2,0.23809523809523808,5c66ff210f19850d1d7a49c6,Escape-the-Cubefarm
125,2,0.041666666666666664,5c66ff210f19850d1d7a49c7,Les-pivoteurs-Faire-pivoter-sa-vie-professionnelle
126,2,0.21753246753246752,5c66ff210f19850d1d7a49c8,perosnaldevelopmentand-coaching
127,2,0.49142857142857144,5c66ff210f19850d1d7a49c9,Bellevue-Business-Networking-Meetup
128,2,0.288135593220339,5c66ff210f19850d1d7a49ca,greenvillerealestateinvesting
129,2,0.35428571428571426,5c66ff210f19850d1d7a49cb,Tropical-Real-Estate-Investors-Club
130,2,0.3893129770992366,5c66ff220f19850d1d7a49cc,Dun-Laoghaire-Town
131,2,0.2254335260115607,5c66ff220f19850d1d7a49cd,startup-nights
132,2,0.2045889101338432,5c66ff220f19850d1d7a49ce,Riyadh-Leadership-Meetup
133,2,0.28169014084507044,5c66ff220f19850d1d7a49cf,Tangerang-Forex-Trading-Meetup
134,2,0.45495495495495497,5c66ff220f19850d1d7a49d0,ClarksvilleRealEstate
135,2,0.5,5c66ff220f19850d1d7a49d1,Startup-Watertown
136,2,0.45,5c66ff220f19850d1d7a49d2,OC-Project-Masters-Meetup
137,2,0.3333333333333333,5c66ff220f19850d1d7a49d3,CreateHER-Womenprenuers-Networking
138,2,0.2,5c66ff220f19850d1d7a49d4,YEG-Solopreneurs-Support-Group
139,2,0.5068752963489805,5c66ff220f19850d1d7a49d5,realestate-427
140,2,0.16666666666666666,5c66ff220f19850d1d7a49d6,Atlanta-Real-Estate-Investors-and-Entrepreneurs
141,2,0.375,5c66ff220f19850d1d7a49d7,meetup-group-vECfbsxF
142,2,0.09803921568627451,5c66ff220f19850d1d7a49d8,Social-Media-for-small-businesses-and-startups
143,2,0.21568627450980393,5c66ff220f19850d1d7a49d9,Byte-Academy-FinTech-Python-Blockchain-Education
144,2,0.1,5c66ff220f19850d1d7a49da,Vietnam-y-sudeste-asiatico
145,2,0.336734693877551,5c66ff220f19850d1d7a49db,San-Antonio-Wholesaling-Real-Estate-Meetup
146,2,0.8,5c66ff220f19850d1d7a49dc,Bluejacket-Toastmasters-Shawnee-KS
147,2,0.3048780487804878,5c66ff220f19850d1d7a49dd,ChicagoBusinessNetwork
148,2,0.09523809523809523,5c66ff220f19850d1d7a49de,Im-Done-Working-a-Traditional-9-to-5
149,2,0.23076923076923078,5c66ff220f19850d1d7a49df,The-Northeast-Ohio-Web-Association
150,2,0.3875,5c66ff220f19850d1d7a49e0,Grand-River-Toastmasters
151,2,0.0,5c66ff220f19850d1d7a49e1,Doylestown-Alternative-Investing-Meetup
152,2,0.4819277108433735,5c66ff220f19850d1d7a49e2,Syracuse-Business-Networking-Entrepreneurs
153,2,0.2727272727272727,5c66ff220f19850d1d7a49e3,THE-BREAKFAST-CLUB-with-EXIT-Realty-Private-Client
154,2,0.3,5c66ff220f19850d1d7a49e4,Edmonton-Real-Estate-Mastermind
155,2,0.16666666666666666,5c66ff220f19850d1d7a49e5,HOW-TO-CREATE-ONLINE-STORE-Ecommerce-E-Commerce-Shop-Website
156,2,0.18421052631578946,5c66ff220f19850d1d7a49e6,Meetup-Movimiento-Social-Emprendedor
157,2,0.6666666666666666,5c66ff220f19850d1d7a49e7,Mission-Planners
158,2,0.5555555555555556,5c66ff220f19850d1d7a49e8,Real-Estate-Investors-of-CO
159,11,0.12,5c66ff220f19850d1d7a49e9,Auckland-Pool-Players
160,11,0.22727272727272727,5c66ff220f19850d1d7a49ea,住-Boardgame
161,11,0.0,5c66ff230f19850d1d7a49eb,Ayutthaya-Boardgames-Club
162,11,0.2625,5c66ff230f19850d1d7a49ec,Columbus-Video-Gamers
163,11,0.23809523809523808,5c66ff230f19850d1d7a49ed,Pokemon-Go-Twin-Cities
164,11,0.4666666666666667,5c66ff230f19850d1d7a49ee,Abington-Old-York-Road-Temple-Beth-Am
165,11,0.5319148936170213,5c66ff230f19850d1d7a49ef,Adirondack-Tabletop-Gamers-and-Game-Developers
166,11,0.20833333333333334,5c66ff230f19850d1d7a49f0,East-Bay-Video-Game-Tournaments
167,11,0.375,5c66ff230f19850d1d7a49f1,Citrus-Heights-Poker-Meetup
168,11,0.0,5c66ff230f19850d1d7a49f2,TRIANGLE-POKER-ROOM
169,11,0.47619047619047616,5c66ff230f19850d1d7a49f3,ConnecticutCosplayNetwork
170,11,0.8888888888888888,5c66ff230f19850d1d7a49f4,meetup-group-JKbiMWpU
171,11,0.6560509554140127,5c66ff230f19850d1d7a49f5,tabletopplanet
172,11,0.6538461538461539,5c66ff230f19850d1d7a49f6,Third-Eye-Board-Games-Meetup
173,11,0.33707865168539325,5c66ff230f19850d1d7a49f7,Amsterdam-Chess-bughouse-tandem-speed-Meetup
174,11,0.25333333333333335,5c66ff230f19850d1d7a49f8,Nashville-Get-off-the-couch
175,11,0.3333333333333333,5c66ff230f19850d1d7a49f9,Cannon-Beach-TableTop-Games
176,11,0.2857142857142857,5c66ff230f19850d1d7a49fa,FCMagic
177,11,0.3333333333333333,5c66ff230f19850d1d7a49fb,Joplin-Board-Games-Meetup
178,11,1.0,5c66ff230f19850d1d7a49fc,CRPG-Castle-Rock-Plays-Games
179,11,0.5714285714285714,5c66ff230f19850d1d7a49fd,prince-4
180,11,0.5172413793103449,5c66ff230f19850d1d7a49fe,Madison-Traditional-Gaming
181,11,0.7718120805369127,5c66ff230f19850d1d7a49ff,euchre-286
182,11,0.3228346456692913,5c66ff230f19850d1d7a4a00,BBandB
183,11,0.6901408450704225,5c66ff230f19850d1d7a4a01,Hallandale-Mah-Jongg
184,11,0.36363636363636365,5c66ff230f19850d1d7a4a02,CCM-board-game-night
185,11,0.0,5c66ff230f19850d1d7a4a03,Chess-Revolution-Product-Testers
186,11,0.5454545454545454,5c66ff230f19850d1d7a4a04,Euchure-In-North-Hills
187,11,0.0,5c66ff230f19850d1d7a4a05,meetup-group-UFEPBeBO
188,11,0.3888888888888889,5c66ff230f19850d1d7a4a06,Kane-County-Cards
189,11,0.0,5c66ff230f19850d1d7a4a07,meetup-group-bCEYLQDO
190,11,0.4722222222222222,5c66ff230f19850d1d7a4a08,Tacoma-Axis-and-Allies-Meet-Up-Group
191,11,0.18181818181818182,5c66ff240f19850d1d7a4a09,Seattle-Super-Smash-Bros-Other-Fighting-Games-Meetup
192,11,0.5,5c66ff240f19850d1d7a4a0a,Southern-Tier-Monopoly-Players
193,34,0.15862068965517243,5c66ff240f19850d1d7a4a0b,NetSquared-Abuja
194,34,0.2727272727272727,5c66ff240f19850d1d7a4a0c,NextGenCyberPros
195,34,0.08561643835616438,5c66ff240f19850d1d7a4a0d,Transition-to-Data-Analytics-Principal-Analytics-Prep
196,34,0.0,5c66ff240f19850d1d7a4a0e,Birmingham-UK-Cyber-Security-for-Control-Systems
197,34,0.2,5c66ff240f19850d1d7a4a0f,Central-Florida-Tech-Party
198,34,0.32590529247910865,5c66ff240f19850d1d7a4a10,Melbourne-Lean-Change-Management-Meetup
199,34,0.018518518518518517,5c66ff240f19850d1d7a4a11,flowmeetup
200,34,0.28225806451612906,5c66ff240f19850d1d7a4a12,dfwpython
201,34,0.2222222222222222,5c66ff240f19850d1d7a4a13,Koln-PHP-Usergroup
202,34,0.038461538461538464,5c66ff240f19850d1d7a4a14,futur-du-travail-comet
203,34,0.18705035971223022,5c66ff240f19850d1d7a4a15,PyData-Nairobi
204,34,0.3409090909090909,5c66ff240f19850d1d7a4a16,The-San-Francisco-dRofus-User-Group
205,34,0.22727272727272727,5c66ff240f19850d1d7a4a17,PNW-FPGA-Hackers-Meetup
206,34,0.2,5c66ff240f19850d1d7a4a18,Vilnius-DIYBio
207,34,0.3333333333333333,5c66ff240f19850d1d7a4a19,GalsTech
208,34,0.32,5c66ff240f19850d1d7a4a1a,Chip-Design-in-Eastern-MA
209,34,0.15384615384615385,5c66ff240f19850d1d7a4a1b,The-Inclusion-Coalition
210,34,0.17616580310880828,5c66ff240f19850d1d7a4a1c,design-for-healthcare-sf
211,34,0.2404237978810106,5c66ff240f19850d1d7a4a1d,Coletividad
212,34,0.4,5c66ff240f19850d1d7a4a1e,Virtual-Reality-Augmented-Reality-Red-Bank
213,34,0.42105263157894735,5c66ff240f19850d1d7a4a1f,Louisville-Bitcoin-Meetup
214,34,0.3829787234042553,5c66ff240f19850d1d7a4a20,Central-Florida-Amazon-Sellers
215,34,0.36923076923076925,5c66ff240f19850d1d7a4a21,microsoft-azure-tampa
216,34,0.21008403361344538,5c66ff240f19850d1d7a4a22,DataMeet-Delhi
217,34,0.45454545454545453,5c66ff240f19850d1d7a4a23,MartiniqueTech
218,34,0.2692307692307692,5c66ff240f19850d1d7a4a24,818startups
219,34,0.3333333333333333,5c66ff240f19850d1d7a4a25,bootstrap-startup
220,34,0.21428571428571427,5c66ff240f19850d1d7a4a26,Charleston-Virtual-Reality
221,34,0.43137254901960786,5c66ff250f19850d1d7a4a27,Denver-CoffeeOps
222,34,0.04,5c66ff250f19850d1d7a4a28,Pune-JavaScript-Meetup-WebF
223,34,0.45714285714285713,5c66ff250f19850d1d7a4a29,Denver-Engineering-Leaders
224,34,0.4589041095890411,5c66ff250f19850d1d7a4a2a,MnOpenStack
225,34,0.18777292576419213,5c66ff250f19850d1d7a4a2b,Hamburg-Education-Technology-Meetup
226,34,0.5,5c66ff250f19850d1d7a4a2c,Atlanta-Scrum-Fans
227,34,0.14832535885167464,5c66ff250f19850d1d7a4a2d,Bluemix-and-Internet-of-Things
228,34,0.20270270270270271,5c66ff250f19850d1d7a4a2e,South-Florida-Emerging-Technology-Group
229,34,0.3969849246231156,5c66ff250f19850d1d7a4a2f,Agile-Groupies
230,34,0.0,5c66ff250f19850d1d7a4a30,Miami-WebRTC
231,34,0.14,5c66ff250f19850d1d7a4a31,Software-Craftsmanship-Toronto
232,34,0.0,5c66ff250f19850d1d7a4a32,DevOps-RJ
233,34,0.1270718232044199,5c66ff250f19850d1d7a4a33,Blockchain-Token-Sales-for-the-Real-World
234,34,0.041666666666666664,5c66ff250f19850d1d7a4a34,Inteligencia-Artificial-Chile
235,34,0.10843373493975904,5c66ff250f19850d1d7a4a35,Bangalore-Digital-Marketing-Meetup
236,34,0.5,5c66ff250f19850d1d7a4a36,CocoaHeads-RJ
237,34,0.22727272727272727,5c66ff250f19850d1d7a4a37,NASA-Space-Apps-Challenge-Pasadena
238,34,0.39759036144578314,5c66ff250f19850d1d7a4a38,Colorado-Springs-IT-Community-Group-Meetup
239,34,0.2916666666666667,5c66ff250f19850d1d7a4a39,CELOL-Experiential-Learning-Outdoor-Leadership
240,34,0.49056603773584906,5c66ff250f19850d1d7a4a3a,BarCode
241,34,0.12568306010928962,5c66ff250f19850d1d7a4a3b,Amsterdam-Remote-User-Testing
242,34,0.2571428571428571,5c66ff250f19850d1d7a4a3c,Old-Bridge-Public-Library-Makerspace-Meetup
243,34,0.5028248587570622,5c66ff250f19850d1d7a4a3d,CentralFloridaeCommerceGroup
244,34,0.28314917127071826,5c66ff250f19850d1d7a4a3e,amazonappdev
245,34,0.34306569343065696,5c66ff250f19850d1d7a4a3f,NYC-Magento-Developers
246,34,0.18446601941747573,5c66ff250f19850d1d7a4a40,Eclipse-Enthusiasts-Budapest
247,34,0.0,5c66ff250f19850d1d7a4a41,BitInvest-Meet-up-Dubai
248,34,0.5045871559633027,5c66ff250f19850d1d7a4a42,TelSoc-VIC
249,34,0.42857142857142855,5c66ff250f19850d1d7a4a43,OpenTechSchool-Romagna
250,34,0.05555555555555555,5c66ff260f19850d1d7a4a44,Twin-Cities-Advanced-Analytics-Meetup
251,34,0.44680851063829785,5c66ff260f19850d1d7a4a45,freecodecampHouston-Midtown
252,34,0.34782608695652173,5c66ff260f19850d1d7a4a46,Hexad-Wolfsburg-Codecamp-Meetup
253,34,0.4552238805970149,5c66ff260f19850d1d7a4a47,Akron-SQL-Database-Professionals-Meetup
254,34,0.3,5c66ff260f19850d1d7a4a48,newyorkai
255,34,0.26229508196721313,5c66ff260f19850d1d7a4a49,Noordwind-Self-Managing-Organisation
256,34,0.25,5c66ff260f19850d1d7a4a4a,ONA-Jerusalem
257,34,0.5327357755261107,5c66ff260f19850d1d7a4a4b,MedellinJS
258,34,0.03,5c66ff260f19850d1d7a4a4c,Swiss-AI-Group
259,34,0.3755047106325707,5c66ff260f19850d1d7a4a4d,girldevelopit
260,34,0.5714285714285714,5c66ff260f19850d1d7a4a4e,miniapples
261,34,0.3114754098360656,5c66ff260f19850d1d7a4a4f,London-Product-Club
262,34,0.13513513513513514,5c66ff260f19850d1d7a4a50,jupiterbroadcasting
263,34,0.35294117647058826,5c66ff260f19850d1d7a4a51,People-of-Color-Code-and-Chill
264,34,0.0,5c66ff260f19850d1d7a4a52,NetSquared-Florence
265,34,0.24334600760456274,5c66ff260f19850d1d7a4a53,VIRTUAL-VALLEY
266,34,0.25,5c66ff260f19850d1d7a4a54,Riga-Biotechnology-Meetup
267,34,0.2619047619047619,5c66ff260f19850d1d7a4a55,Alten-Nederland
268,34,0.5303030303030303,5c66ff260f19850d1d7a4a56,PyLadiesMunich
269,34,0.4968944099378882,5c66ff260f19850d1d7a4a57,Baltimore-Drupal-Meetup
270,34,0.0967741935483871,5c66ff260f19850d1d7a4a58,cltreactnative
271,34,0.4463276836158192,5c66ff260f19850d1d7a4a59,Docker-Frankfurt
272,34,0.2,5c66ff260f19850d1d7a4a5a,Emerald-City-Bitcoin-Cash-Meetup
273,28,0.0,5c66ff260f19850d1d7a4a5b,Paris-Meditation-philosophie-bouddhiste-Centre-Paramita
274,28,0.14285714285714285,5c66ff260f19850d1d7a4a5c,Frankfurt-Bartalk-Christians-Skeptics
275,28,0.3,5c66ff260f19850d1d7a4a5d,The-Bible-Applied
276,28,0.3625,5c66ff260f19850d1d7a4a5e,Unity-of-New-Orleans-Spiritual-Center
277,28,0.2222222222222222,5c66ff260f19850d1d7a4a5f,Salt-Lake-City-Pagan-Meetup
278,28,0.4576271186440678,5c66ff260f19850d1d7a4a60,SACatholics
279,28,0.75,5c66ff270f19850d1d7a4a61,Religions-of-Deland
280,28,0.0,5c66ff270f19850d1d7a4a62,Young-Adult-Faith-Meet-Up
281,28,0.4222222222222222,5c66ff270f19850d1d7a4a63,SantaClaraZen
282,28,0.1,5c66ff270f19850d1d7a4a64,San-Francisco-Jazz-Meetup
283,28,0.4,5c66ff270f19850d1d7a4a65,Ottawa-Alpha
284,28,1.0,5c66ff270f19850d1d7a4a66,meetup-group-YdljQTEA
285,28,1.0,5c66ff270f19850d1d7a4a67,Graceway-Church-ATX-Meetup
286,28,1.0,5c66ff270f19850d1d7a4a68,Truth-and-Love-Identity-Training
287,28,0.0,5c66ff270f19850d1d7a4a69,The-Gathering-at-Allen
288,28,0.1111111111111111,5c66ff270f19850d1d7a4a6a,Collierville-Bible-Learning-Meetup
289,28,0.5084745762711864,5c66ff270f19850d1d7a4a6b,Humanist-Association-MiddleTN
290,28,0.44761904761904764,5c66ff270f19850d1d7a4a6c,Sunday-Assembly-Denver
291,28,1.0,5c66ff270f19850d1d7a4a6d,Champaign-Bible-Meetup
292,28,0.42857142857142855,5c66ff270f19850d1d7a4a6e,Oak-Park-Knowing-God-More-Intimately-Meetup
293,28,0.0,5c66ff270f19850d1d7a4a6f,House-Churches-in-Lake-Norman
294,28,0.43859649122807015,5c66ff270f19850d1d7a4a70,Bahai-Faith-Cleveland
295,28,0.0,5c66ff270f19850d1d7a4a71,Uplift-Christian-Fellowship
296,28,0.3333333333333333,5c66ff270f19850d1d7a4a72,FUUSION-UU-Young-Adults
297,28,0.6666666666666666,5c66ff270f19850d1d7a4a73,Prince-Frederick-Reformed-Faith-Meetup
298,28,0.0,5c66ff270f19850d1d7a4a74,Abundant-Life-Bible-Study
299,28,0.12903225806451613,5c66ff270f19850d1d7a4a75,hinduism-buddhism
300,28,0.0,5c66ff270f19850d1d7a4a76,Jamaica-Christian-Youth-Meetup
301,28,1.0,5c66ff270f19850d1d7a4a77,Building-Your-Business-in-Prayer-Meetup
302,28,0.0,5c66ff270f19850d1d7a4a78,ReMembering-Church
303,28,0.0,5c66ff270f19850d1d7a4a79,Swindon-Muslim-Sisters-Meetup
304,28,0.515625,5c66ff270f19850d1d7a4a7a,The-Arundel-Wiccan-group
305,28,0.0,5c66ff270f19850d1d7a4a7b,Bible-for-dummies
306,28,0.4476584022038568,5c66ff270f19850d1d7a4a7c,ConwayHall
307,28,0.6631944444444444,5c66ff280f19850d1d7a4a7d,cfiaustin
308,28,0.38636363636363635,5c66ff280f19850d1d7a4a7e,UUPittsburgh
309,13,0.29239766081871343,5c66ff280f19850d1d7a4a7f,Drinking-Liberally-Downtown-Brooklyn
310,13,0.6519337016574586,5c66ff280f19850d1d7a4a80,MarinoM5stelle
311,13,0.6865671641791045,5c66ff280f19850d1d7a4a81,assisi5stelle
312,13,0.34459459459459457,5c66ff280f19850d1d7a4a82,Resist-Dayton
313,13,0.2857142857142857,5c66ff280f19850d1d7a4a83,Fabians-Melbourne
314,13,0.16666666666666666,5c66ff280f19850d1d7a4a84,So-Cal-Flat-Earth-Meetup-Group
315,13,0.2222222222222222,5c66ff280f19850d1d7a4a85,Resist-Vista
316,13,0.2,5c66ff280f19850d1d7a4a86,America-First-Party-MAGA-Queens
317,13,0.1,5c66ff280f19850d1d7a4a87,Resist-Orange-Park
318,13,0.425531914893617,5c66ff280f19850d1d7a4a88,Resist-Pasadena
319,13,0.3,5c66ff280f19850d1d7a4a89,Resist-Toms-River
320,13,0.15384615384615385,5c66ff280f19850d1d7a4a8a,Resist-Bellevue
321,13,0.5740740740740741,5c66ff280f19850d1d7a4a8b,MoVimento-5-Stelle-Gualdo-Tadino
322,13,1.0,5c66ff280f19850d1d7a4a8c,NRN-Patriot-Brigade
323,13,0.5555555555555556,5c66ff280f19850d1d7a4a8d,Fairvote-Chicago
324,13,0.30612244897959184,5c66ff280f19850d1d7a4a8e,Resist-Ferndale
325,13,0.0,5c66ff280f19850d1d7a4a8f,National-Womens-Politial-Caucus-of-California
326,13,0.2222222222222222,5c66ff280f19850d1d7a4a90,Resist-Van-Nuys
327,13,0.36363636363636365,5c66ff280f19850d1d7a4a91,Resist-Woodbridge
328,13,0.4205607476635514,5c66ff280f19850d1d7a4a92,Maryland-Suburbs-for-Bernie-Sanders
329,13,0.0,5c66ff280f19850d1d7a4a93,Resist-Pickering
330,13,0.6,5c66ff280f19850d1d7a4a94,ronkonkomarepublicanclub
331,13,0.35064935064935066,5c66ff280f19850d1d7a4a95,Boston-NOW-Meetup-Group
332,13,0.3333333333333333,5c66ff280f19850d1d7a4a96,Resist-Kent
333,13,0.41904761904761906,5c66ff280f19850d1d7a4a97,democrat-143
334,13,0.25,5c66ff290f19850d1d7a4a98,ORG-Glasgow
335,13,0.27586206896551724,5c66ff290f19850d1d7a4a99,bettermediauk
336,13,0.0,5c66ff290f19850d1d7a4a9a,politique-volt-europe-france-metz
337,13,0.5,5c66ff290f19850d1d7a4a9b,Movimento-5-Stelle-Ostra-Associazione
338,13,0.7948717948717948,5c66ff290f19850d1d7a4a9c,Ceccano-5-Stelle
339,13,0.6964285714285714,5c66ff290f19850d1d7a4a9d,meetupMovimento5StelleMarcianise
340,22,0.3333333333333333,5c66ff290f19850d1d7a4a9e,Community-of-Infinite-Spirit
341,22,0.3333333333333333,5c66ff290f19850d1d7a4a9f,Being-Miracle-Minded-A-Course-In-Miracles-study-group
342,22,0.0,5c66ff290f19850d1d7a4aa0,Abundant-Life-Manifest-the-life-of-your-dreams
343,22,0.26666666666666666,5c66ff290f19850d1d7a4aa1,Positive-Highly-Sensitive-Strong-and-Feminine
344,22,0.5942028985507246,5c66ff290f19850d1d7a4aa2,Metro-DC-Kirtan
345,22,0.25,5c66ff290f19850d1d7a4aa3,Brussels-NLP-Trainings-with-Momentum
346,22,0.4,5c66ff290f19850d1d7a4aa4,Tantrikas-Next-Door
347,22,0.32,5c66ff290f19850d1d7a4aa5,Spiritual-Seekers-of-Bundaberg
348,22,0.5714285714285714,5c66ff290f19850d1d7a4aa6,Eugene-Astrology-Meetup
349,22,0.36363636363636365,5c66ff290f19850d1d7a4aa7,Reiki-Community-of-Charlottesville
350,22,0.366120218579235,5c66ff290f19850d1d7a4aa8,The-Dallas-Singles-Metaphysics-Meetup-Group
351,22,0.6430379746835443,5c66ff290f19850d1d7a4aa9,spirituality-424
352,22,0.0,5c66ff290f19850d1d7a4aaa,School-in-the-tradition-of-The-Fourth-Way-Brasov
353,22,0.3559322033898305,5c66ff290f19850d1d7a4aab,Crystal-Vision-Metaphysical-Gift-Shop-LTC-School-of-Reiki
354,22,0.46176046176046176,5c66ff290f19850d1d7a4aac,newbeginningsholistictherapies
355,22,0.4594594594594595,5c66ff290f19850d1d7a4aad,meditations
356,22,0.0,5c66ff290f19850d1d7a4aae,Berlin-Access-Consciousness-Bars
357,22,0.6,5c66ff290f19850d1d7a4aaf,Intuitive-Breathwork
358,22,0.425531914893617,5c66ff290f19850d1d7a4ab0,Church-of-Perpetual-Life
359,22,0.42857142857142855,5c66ff290f19850d1d7a4ab1,Kitchener-Waterloo-Spiritual-Experiences-Group
360,22,0.6363636363636364,5c66ff290f19850d1d7a4ab2,Woodland-Chapel-Center-for-Spiritual-Living
361,22,0.1891891891891892,5c66ff2a0f19850d1d7a4ab3,Be-Well-Holistic
362,22,0.3743016759776536,5c66ff2a0f19850d1d7a4ab4,Metatronic-Healing-Energy-Awakening-Spiritual-Growth
363,22,0.0,5c66ff2a0f19850d1d7a4ab5,Eastbourne-Spiritual-Growth-Meetup
364,22,0.29310344827586204,5c66ff2a0f19850d1d7a4ab6,Saint-Augustine-Meetup-LawofAttraction
365,22,0.37142857142857144,5c66ff2a0f19850d1d7a4ab7,Dimensions-of-Spirit-Meetups
366,22,0.3125,5c66ff2a0f19850d1d7a4ab8,Living-A-Meaningful-Life-Zurich
367,22,0.34,5c66ff2a0f19850d1d7a4ab9,The-Phoenix-Institute-of-Enlightenment
368,22,0.30434782608695654,5c66ff2a0f19850d1d7a4aba,The-Circle-of-Love-in-London
369,22,0.3333333333333333,5c66ff2a0f19850d1d7a4abb,Woodland-Hills-Meditation-Meetup
370,22,0.2727272727272727,5c66ff2a0f19850d1d7a4abc,Horizons-Unlimited-Self-Awareness-Saturdays
371,22,0.2882882882882883,5c66ff2a0f19850d1d7a4abd,Budapest-Shambhala-Meditation-Group
372,22,0.4117647058823529,5c66ff2a0f19850d1d7a4abe,EckankarWanaka
373,22,0.225,5c66ff2a0f19850d1d7a4abf,Spiritual-Seekers-Energy-Workers-20-30-40-Years-Olds
374,22,0.15384615384615385,5c66ff2a0f19850d1d7a4ac0,Bangkok-life-purpose-Chinese-Meetup
375,22,0.4182692307692308,5c66ff2a0f19850d1d7a4ac1,Lightworkers-of-North-Texas
376,22,0.3888888888888889,5c66ff2a0f19850d1d7a4ac2,Groupes-de-parole-guerison-spirituelle
377,22,0.18518518518518517,5c66ff2a0f19850d1d7a4ac3,Spirit-Medicine
378,22,0.11764705882352941,5c66ff2a0f19850d1d7a4ac4,Synchronicity-Miami-Meetup
379,22,0.5454545454545454,5c66ff2a0f19850d1d7a4ac5,OnenessOmaha
380,22,0.16666666666666666,5c66ff2a0f19850d1d7a4ac6,Science-Spirituality-In-a-PostChristian-World
381,22,0.4,5c66ff2a0f19850d1d7a4ac7,Emotionale-Kompetenz-Workoutmalanders
382,22,0.36666666666666664,5c66ff2a0f19850d1d7a4ac8,ItsyourjourneyLLC
383,22,0.0,5c66ff2a0f19850d1d7a4ac9,Niagara-Falls-Lightworkers-Meetup
384,22,0.0,5c66ff2a0f19850d1d7a4aca,OM-ShalOM-a-Spiritual-Healing-Center-in-St-George-SI
385,22,0.2777777777777778,5c66ff2a0f19850d1d7a4acb,intuitive-journer
386,22,0.39937106918238996,5c66ff2a0f19850d1d7a4acc,Crystal-Consciousness-UT
387,22,0.0,5c66ff2b0f19850d1d7a4acd,Copenhagen-Personal-Development-Meetup
388,22,0.6567164179104478,5c66ff2b0f19850d1d7a4ace,sdgnaperville
389,22,0.0,5c66ff2b0f19850d1d7a4acf,Brooklyn-Sacred-Geometry-Meetup
390,22,0.18,5c66ff2b0f19850d1d7a4ad0,open-circle-berli
391,22,0.5,5c66ff2b0f19850d1d7a4ad1,Faber-Personal-transformation-and-Self-Awakening-via-KUNLUN
392,22,0.09090909090909091,5c66ff2b0f19850d1d7a4ad2,Meetup-de-Circulo-de-mujeres-Despiertas-en-Barcelona
393,22,0.0,5c66ff2b0f19850d1d7a4ad3,Narayan-reiki-Meetup
394,22,0.05,5c66ff2b0f19850d1d7a4ad4,Connect-with-your-Best-Self-through-Horses
395,22,0.24444444444444444,5c66ff2b0f19850d1d7a4ad5,Vancouver-Heartfulness-Meditation
396,22,0.5151515151515151,5c66ff2b0f19850d1d7a4ad6,The-Kingston-Woodstock-Psychic-Wisdom-Meetup-Group
397,22,0.75,5c66ff2b0f19850d1d7a4ad7,Meetup-Reves-Actifs-Active-Dreaming-Montreal-Rive-Sud
398,22,0.2857142857142857,5c66ff2b0f19850d1d7a4ad8,The-Enlightened-Society-MEET-UP-GROUP
399,22,0.625,5c66ff2b0f19850d1d7a4ad9,Eckankar-in-Homer
400,22,0.5,5c66ff2b0f19850d1d7a4ada,Unitarian-Universalist-Congregation-in-Grayslake-IL
401,22,0.047619047619047616,5c66ff2b0f19850d1d7a4adb,Peace-of-Mind-meditation-and-spiritual-growth
402,22,0.2972972972972973,5c66ff2b0f19850d1d7a4adc,Vancouver-Sufi-Meditation
403,22,0.15789473684210525,5c66ff2b0f19850d1d7a4add,BhagavadGitaClassesSurat
404,22,0.16666666666666666,5c66ff2b0f19850d1d7a4ade,Thinking-Into-Results-Copenhagen
405,22,0.36619718309859156,5c66ff2b0f19850d1d7a4adf,Have-You-Had-Spiritual-Experiences
406,22,0.0625,5c66ff2b0f19850d1d7a4ae0,Intuition-Development-Meetup
407,22,0.3075060532687651,5c66ff2b0f19850d1d7a4ae1,MeetAcharyaPrashant
408,22,0.4,5c66ff2b0f19850d1d7a4ae2,Mullingar-Healing-Group
409,22,0.29365079365079366,5c66ff2b0f19850d1d7a4ae3,Walnut-Creek-Spiritual-Healing-Path
410,22,0.16666666666666666,5c66ff2b0f19850d1d7a4ae4,yourdreamlifenow
411,22,0.4117647058823529,5c66ff2b0f19850d1d7a4ae5,The-Featherway-The-Magick-of-Feathers
412,22,0.3333333333333333,5c66ff2c0f19850d1d7a4ae6,Meetup-de-Meditacion-Heartfulness-en-Buenos-Aires
413,22,0.411522633744856,5c66ff2c0f19850d1d7a4ae7,dmcboston
414,16,0.42857142857142855,5c66ff2c0f19850d1d7a4ae8,Non-Muslim-Muslim-Cultural-Exchange-Meetup
415,16,0.028169014084507043,5c66ff2c0f19850d1d7a4ae9,Internationalfriendsmeetupinlondon
416,16,0.0,5c66ff2c0f19850d1d7a4aea,Business-Japanese-Language-Meetup
417,16,0.17391304347826086,5c66ff2c0f19850d1d7a4aeb,Meetup-International-Montpellier
418,16,0.3,5c66ff2c0f19850d1d7a4aec,FreeEnglishclassesinDetroit
419,16,0.0,5c66ff2c0f19850d1d7a4aed,Meetup-de-Cenas-tematicas-en-Sant-Cugat-del-Valles
420,16,0.5714285714285714,5c66ff2c0f19850d1d7a4aee,Jupiter-German-Kids-Playdate-Meetup
421,16,0.3333333333333333,5c66ff2c0f19850d1d7a4aef,Kowloon-German-Language-Meetup
422,16,0.4527027027027027,5c66ff2c0f19850d1d7a4af0,I-love-Italy-Cape-Town-community-Meetup
423,16,0.1972318339100346,5c66ff2c0f19850d1d7a4af1,Tomobu-Tokyo-Japanese-English-Meetup-Group
424,16,1.0,5c66ff2c0f19850d1d7a4af2,Lingen-Sprachentreff-Espanol-Deutsch
425,16,0.5777777777777777,5c66ff2c0f19850d1d7a4af3,meetup-group-IgBZInVD
426,16,0.254320987654321,5c66ff2c0f19850d1d7a4af4,world-international-meetup
427,16,0.4778761061946903,5c66ff2c0f19850d1d7a4af5,Portland-French-Table-Table-Francaise
428,16,0.25,5c66ff2c0f19850d1d7a4af6,French-conversations-in-Wimbledon
429,16,0.0,5c66ff2c0f19850d1d7a4af7,Latina-Professionals-in-Downtown-Toronto
430,16,0.38461538461538464,5c66ff2c0f19850d1d7a4af8,Tri-Valley-Mandarin-Group
431,16,0.1,5c66ff2c0f19850d1d7a4af9,RED-MONDAYS
432,16,0.43478260869565216,5c66ff2c0f19850d1d7a4afa,Forest-Hills-Spanish-Students-Meetup
433,16,0.29577464788732394,5c66ff2c0f19850d1d7a4afb,Canberra-Portuguese-Brasileiro-Conversation-Meetup
434,16,0.47540983606557374,5c66ff2c0f19850d1d7a4afc,Do-Japan
435,16,0.39263803680981596,5c66ff2c0f19850d1d7a4afd,Antalya-language-exchange
436,16,0.0,5c66ff2c0f19850d1d7a4afe,Intercambio-de-idiomas-Italiano-espanol
437,16,0.40939597315436244,5c66ff2d0f19850d1d7a4aff,ponto-de-encontro-brasileiros-em-londres
438,16,0.2777777777777778,5c66ff2d0f19850d1d7a4b00,New-to-Chicago-Lets-Link
439,16,0.25,5c66ff2d0f19850d1d7a4b01,French-for-all-Clemson
440,16,0.5,5c66ff2d0f19850d1d7a4b02,5-STELLE-ARZACHENA
441,16,0.15384615384615385,5c66ff2d0f19850d1d7a4b03,Global-Relocation-Expats-Meetup
442,16,0.17647058823529413,5c66ff2d0f19850d1d7a4b04,Korean-Kimchi-Feast
443,16,0.6031746031746031,5c66ff2d0f19850d1d7a4b05,Middle-Tennesee-Japanese-Study-group
444,16,0.2670157068062827,5c66ff2d0f19850d1d7a4b06,Lets-Speak-French
445,16,0.37065637065637064,5c66ff2d0f19850d1d7a4b07,Hablemos-Osaka-Spanish-Espanol
446,16,0.09090909090909091,5c66ff2d0f19850d1d7a4b08,meetup-group-ipMxXixP
447,16,0.4426229508196721,5c66ff2d0f19850d1d7a4b09,Contamos-mucho-Telling-us-tales
448,16,0.2,5c66ff2d0f19850d1d7a4b0a,Novi-Sad-English-as-a-Second-Language-Meetup
449,16,0.6428571428571429,5c66ff2d0f19850d1d7a4b0b,Portland-Rendezvous
450,16,0.21212121212121213,5c66ff2d0f19850d1d7a4b0c,BlackInglewood
451,16,0.3548387096774194,5c66ff2d0f19850d1d7a4b0d,DC-French-Conversation-Club
452,16,0.2047244094488189,5c66ff2d0f19850d1d7a4b0e,Vancouver-Immigration-Meetup
453,16,0.32,5c66ff2d0f19850d1d7a4b0f,French-and-English-Speed-Language-Exchange
454,16,0.5116279069767442,5c66ff2d0f19850d1d7a4b10,Deutsche-Maedels-in-Austin-Texas
455,16,0.23529411764705882,5c66ff2d0f19850d1d7a4b11,English-Sao-Jose-dos-Campos
456,16,0.5,5c66ff2d0f19850d1d7a4b12,Hub-Europe-Alameda
457,16,0.0,5c66ff2d0f19850d1d7a4b13,Yokohama-Festivals-Meetup
458,16,0.2647058823529412,5c66ff2d0f19850d1d7a4b14,Talking-in-Japanese
459,16,0.48118811881188117,5c66ff2d0f19850d1d7a4b15,french-535
460,16,0.0,5c66ff2d0f19850d1d7a4b16,Chatswood-Friends
461,16,0.5374015748031497,5c66ff2d0f19850d1d7a4b17,Peninsula-Spanish
462,16,0.27848101265822783,5c66ff2e0f19850d1d7a4b18,Babble-Bar-International-Language-Exchange
463,16,0.125,5c66ff2e0f19850d1d7a4b19,Cheers-Osaka-Meetup
464,16,0.75,5c66ff2e0f19850d1d7a4b1a,ドイツ語勉強サークル
465,16,0.0,5c66ff2e0f19850d1d7a4b1b,Brazilians-Non-Brazilians-lets-meet-in-San-Diego
466,16,0.3125,5c66ff2e0f19850d1d7a4b1c,Murfreesboro-20s-and-30s-African-American-Womens-Meet-Up
467,30,0.4,5c66ff2e0f19850d1d7a4b1d,Christian-Singles-never-married-30s-40s-50s
468,30,0.40737240075614367,5c66ff2e0f19850d1d7a4b1e,Amazingexperiencesforcalgarysingles
469,30,0.519753086419753,5c66ff2e0f19850d1d7a4b1f,Perth-Singles-Meeting-Singles
470,30,0.3539325842696629,5c66ff2e0f19850d1d7a4b20,NYC-Parties-Social-Events
471,30,0.32987012987012987,5c66ff2e0f19850d1d7a4b21,Thank-God-Its-Thursday-Thursday-Night-Parties
472,30,0.3333333333333333,5c66ff2e0f19850d1d7a4b22,40s-50s-activity-friends
473,30,0.5212765957446809,5c66ff2e0f19850d1d7a4b23,HENRYS-SINGLES-MEET-UP
474,30,0.4567307692307692,5c66ff2e0f19850d1d7a4b24,SLC40plus
475,30,0.248,5c66ff2e0f19850d1d7a4b25,NYC-Jewish-Singles
476,30,0.11764705882352941,5c66ff2e0f19850d1d7a4b26,business-networking-atlanta
477,30,0.2,5c66ff2e0f19850d1d7a4b27,Phoenix-Scottsdale-positive-people
478,30,0.5191986644407346,5c66ff2e0f19850d1d7a4b28,Singles-In-The-Suburbs
479,30,0.21666666666666667,5c66ff2e0f19850d1d7a4b29,Building_Successful_Relationships
480,30,0.2,5c66ff2e0f19850d1d7a4b2a,Learning-Connection-and-Attraction
481,30,0.3333333333333333,5c66ff2e0f19850d1d7a4b2b,SportyDate_Berlin
482,30,0.09090909090909091,5c66ff2e0f19850d1d7a4b2c,meetup-group-voCueask
483,4,0.4375,5c66ff2e0f19850d1d7a4b2d,meetup-group-WHRUdiKu
484,4,0.3798449612403101,5c66ff2e0f19850d1d7a4b2e,Newport-Mesa-Christian-Outreach-Council
485,4,0.40217391304347827,5c66ff2e0f19850d1d7a4b2f,PeaceBuildersOfOC
486,4,0.14285714285714285,5c66ff2f0f19850d1d7a4b30,Environmentalists-of-SATX
487,4,0.16,5c66ff2f0f19850d1d7a4b31,Hudson-Valley-New-Economy-Meetup
488,4,0.47040971168437024,5c66ff2f0f19850d1d7a4b32,Zeitgeist-Movement-London
489,4,0.0625,5c66ff2f0f19850d1d7a4b33,GreenTours
490,4,0.2857142857142857,5c66ff2f0f19850d1d7a4b34,QC-Fights-Climate-Change
491,4,0.2,5c66ff2f0f19850d1d7a4b35,Hendon-Meditation-Meetup
492,4,0.3333333333333333,5c66ff2f0f19850d1d7a4b36,Effective-Altruism-Perth
493,4,0.5,5c66ff2f0f19850d1d7a4b37,meetup-group-OmFegFJj
494,4,0.5114942528735632,5c66ff2f0f19850d1d7a4b38,Chesapeake-Audubon-Society
495,4,0.3047619047619048,5c66ff2f0f19850d1d7a4b39,The-Sister-Circle-of-Ottawa
496,4,0.6071428571428571,5c66ff2f0f19850d1d7a4b3a,Activate-BCN
497,4,0.2872340425531915,5c66ff2f0f19850d1d7a4b3b,womenallies
498,4,0.25,5c66ff2f0f19850d1d7a4b3c,Our-Common-Bond-over-60-baby-boomers-Women
499,4,0.625,5c66ff2f0f19850d1d7a4b3d,Kingston-Upon-Thames-Community-Service-Meetup
500,4,0.0,5c66ff2f0f19850d1d7a4b3e,San-Antonio-local-history-Meetup
501,4,0.38095238095238093,5c66ff2f0f19850d1d7a4b3f,hopeful-hands
502,4,0.0,5c66ff2f0f19850d1d7a4b40,Gazette-Community-Conversations
503,4,0.5454545454545454,5c66ff2f0f19850d1d7a4b41,Mile-High-Community-Action-Network
504,4,0.3375,5c66ff2f0f19850d1d7a4b42,An-AZ-urban-permie-community
505,4,0.31343283582089554,5c66ff2f0f19850d1d7a4b43,Tampa-Bay-Cohousing-Group
506,4,0.0,5c66ff2f0f19850d1d7a4b44,NK-Refugee-Rescue-Team
507,4,0.0,5c66ff2f0f19850d1d7a4b45,Soulseekers-The-Positive-Pack-Of-Globetrotters
508,4,0.0,5c66ff300f19850d1d7a4b46,Corridor-78-Soroptimist-Womens-Social-Meetup
509,4,0.39622641509433965,5c66ff300f19850d1d7a4b47,Feed-the-Homeless-Los-Angeles
510,4,0.3111111111111111,5c66ff300f19850d1d7a4b48,Arlington-350-Group
511,4,0.29411764705882354,5c66ff300f19850d1d7a4b49,Petworth-Leaders-Org-Development-Change-Leadership
512,4,0.0,5c66ff300f19850d1d7a4b4a,Togetherfest-Meetup
513,4,0.35802469135802467,5c66ff300f19850d1d7a4b4b,Mid-Hudson-Sierra-Club
514,4,0.8333333333333334,5c66ff300f19850d1d7a4b4c,GreenHomesGroup
515,4,0.4788732394366197,5c66ff300f19850d1d7a4b4d,eugeneoregonwild
516,4,0.0,5c66ff300f19850d1d7a4b4e,Boston-Human-Rights-Meetup
517,4,0.425,5c66ff300f19850d1d7a4b4f,tinypdx
518,4,0.0,5c66ff300f19850d1d7a4b50,Appalachian-Mountain-Club
519,4,1.0,5c66ff300f19850d1d7a4b51,Intentional-Community-Vancouver
520,4,1.0,5c66ff300f19850d1d7a4b52,Grimsby-Gardening-Meetup
521,4,0.41496598639455784,5c66ff300f19850d1d7a4b53,londonnaturelovers
522,4,0.31851851851851853,5c66ff300f19850d1d7a4b54,Lost-and-Found-in-London
523,4,0.38392857142857145,5c66ff300f19850d1d7a4b55,Social-enterprise-in-not-for-profits
524,4,0.4418604651162791,5c66ff300f19850d1d7a4b56,Association-for-Good-Government
525,4,0.0,5c66ff300f19850d1d7a4b57,Meetup-Desulo-cinquestelle
526,4,0.2857142857142857,5c66ff300f19850d1d7a4b58,Kansai-Organizer-Meetup
527,29,0.21428571428571427,5c66ff300f19850d1d7a4b59,Birmingham-Anime-and-Manga-Meetup
528,29,0.4731182795698925,5c66ff300f19850d1d7a4b5a,scifi-311
529,29,0.3181818181818182,5c66ff300f19850d1d7a4b5b,Atlanta-Harry-Potter-fans
530,29,0.42857142857142855,5c66ff300f19850d1d7a4b5c,Star-Trek-Association-of-the-Northeast-Northeast-Trek-Con
531,14,0.3686534216335541,5c66ff310f19850d1d7a4b5d,Meditacion-y-mas
532,14,0.3736991485335856,5c66ff310f19850d1d7a4b5e,Tampa-Free-Meditation-Meetup
533,14,0.12931034482758622,5c66ff310f19850d1d7a4b5f,thewellnessgroup
534,14,0.058823529411764705,5c66ff310f19850d1d7a4b60,UrbanYogiLa
535,14,0.3251072961373391,5c66ff310f19850d1d7a4b61,Free-Meditation-Yoga-North-London
536,14,0.1310344827586207,5c66ff310f19850d1d7a4b62,Brooklyn-Meditation
537,14,0.357429718875502,5c66ff310f19850d1d7a4b63,Journey-of-Discovery-Bahrain
538,14,0.45394736842105265,5c66ff310f19850d1d7a4b64,Seekers-Of-Self-Improvement-Meetup
539,14,0.26732673267326734,5c66ff310f19850d1d7a4b65,Practice-Positive-Psychology
540,14,0.125,5c66ff310f19850d1d7a4b66,Hemp-Health-Happiness
541,14,0.2692307692307692,5c66ff310f19850d1d7a4b67,Business-Career-Soul-centered-self-improvement
542,14,0.391304347826087,5c66ff310f19850d1d7a4b68,Yoga-Classes-Dun-Laoghaire
543,14,0.25,5c66ff310f19850d1d7a4b69,Lakewood-Mindfulness-Meetup
544,14,0.32432432432432434,5c66ff310f19850d1d7a4b6a,Step-Change-Meditation
545,14,0.49678800856531047,5c66ff310f19850d1d7a4b6b,trianglemeditation
546,14,0.391705069124424,5c66ff310f19850d1d7a4b6c,Chicago-Woman-Within-Community
547,14,0.3854166666666667,5c66ff310f19850d1d7a4b6d,Energy-Wellness-Community
548,14,0.058823529411764705,5c66ff310f19850d1d7a4b6e,Body-Mind-Wellness-Studio-Chiang-Mai
549,14,0.3146067415730337,5c66ff310f19850d1d7a4b6f,Fitness-Wellness-Life-Metro-Detroit
550,14,0.3068181818181818,5c66ff310f19850d1d7a4b70,Mississauga-Meditation
551,14,0.0,5c66ff310f19850d1d7a4b71,The-Mens-Support-Group-To-Promote-Better-Socialisation
552,14,0.3125,5c66ff310f19850d1d7a4b72,Ketogenic-Diet-Information-Night
553,14,0.2413793103448276,5c66ff320f19850d1d7a4b73,Bien-etre-Paris
554,14,0.4,5c66ff320f19850d1d7a4b74,Etobicoke-Wellness-Collective
555,14,0.3424657534246575,5c66ff320f19850d1d7a4b75,Kundalini-Yoga-Classes-and-Workshops
556,14,0.2893081761006289,5c66ff320f19850d1d7a4b76,Lyon-Yoga-Meetup
557,14,0.3258426966292135,5c66ff320f19850d1d7a4b77,Shambhala-Denver
558,14,0.3723849372384937,5c66ff320f19850d1d7a4b78,Guided-Meditations-for-Stress-Reduction-Healing
559,14,0.4074074074074074,5c66ff320f19850d1d7a4b79,Madison-Rinzai-Zen-Community-Meditation
560,14,0.15714285714285714,5c66ff320f19850d1d7a4b7a,When-Women-Speak
561,14,0.16666666666666666,5c66ff320f19850d1d7a4b7b,LIFESEXPERTS-Personal-Development-Interpersonal-Skills
562,14,0.0,5c66ff320f19850d1d7a4b7c,Meetup-Yoga-Neuilly-sur-Seine
563,14,0.39790575916230364,5c66ff320f19850d1d7a4b7d,Dunedin-Yoga-in-the-Park
564,14,0.1791044776119403,5c66ff320f19850d1d7a4b7e,alternativemedicineforahealthierlifestyle
565,14,0.41916167664670656,5c66ff320f19850d1d7a4b7f,Tech-Masters-Toastmasters
566,14,0.4123006833712984,5c66ff320f19850d1d7a4b80,PauseMeditation
567,14,0.23529411764705882,5c66ff320f19850d1d7a4b81,Change-Your-Life-in-Three-Simple-Steps
568,14,0.35714285714285715,5c66ff320f19850d1d7a4b82,Earley-Meditation-Meetup
569,14,0.30538922155688625,5c66ff320f19850d1d7a4b83,Stillpoint-Spaces-London
570,14,0.25882352941176473,5c66ff320f19850d1d7a4b84,Hammer-Coaching
571,14,0.2826086956521739,5c66ff320f19850d1d7a4b85,Meditation-Yoga-kostenfrei
572,14,0.14685314685314685,5c66ff320f19850d1d7a4b86,HanoiMeditation
573,14,0.0,5c66ff320f19850d1d7a4b87,Tampa-Bay-Meditation-Group-of-Self-Realization-Fellowship
574,14,0.36186770428015563,5c66ff330f19850d1d7a4b88,orlandomeditations
575,14,0.42857142857142855,5c66ff330f19850d1d7a4b89,Lake-Villa-Life-Transformation-Meetup
576,14,0.4158415841584158,5c66ff330f19850d1d7a4b8a,Esoteric-Yoga
577,14,0.2916666666666667,5c66ff330f19850d1d7a4b8b,Bay-Area-Meditation-Meetup
578,14,0.3333333333333333,5c66ff330f19850d1d7a4b8c,Out-Of-Your-Mind-and-Into-Your-Body
579,14,0.35714285714285715,5c66ff330f19850d1d7a4b8d,Exeter-Guided-Meditation-Meetup
580,14,0.3076923076923077,5c66ff330f19850d1d7a4b8e,london-mindfulness
581,14,0.375,5c66ff330f19850d1d7a4b8f,NOLA-Lives
582,14,0.425531914893617,5c66ff330f19850d1d7a4b90,Salternative-Spa-Geneva-Meditation-Meetup
583,14,1.0,5c66ff330f19850d1d7a4b91,Bonita-Better-Health-Campaign-Meetup
584,14,1.0,5c66ff330f19850d1d7a4b92,OpenDoor2Yoga
585,14,1.0,5c66ff330f19850d1d7a4b93,Live-Learn-Let-Go-and-Grow
586,14,1.0,5c66ff330f19850d1d7a4b94,Pathways-to-Self-Healing
587,14,1.0,5c66ff330f19850d1d7a4b95,Wellness-Essential-Oils-Healing-Gatherings
588,14,1.0,5c66ff330f19850d1d7a4b96,meetup-group-JZraFQaY
589,14,1.0,5c66ff330f19850d1d7a4b97,Leigh-on-Sea-Yoga-Mindfulness-Meetup
590,14,1.0,5c66ff330f19850d1d7a4b98,Cercle-dhommes-Lyon-7
591,14,1.0,5c66ff330f19850d1d7a4b99,Berlin-Gesundheits-und-Heilerstammtisch
592,14,1.0,5c66ff330f19850d1d7a4b9a,Human-Engineering-Work-Shop
593,14,1.0,5c66ff330f19850d1d7a4b9b,houstonfunkyflowcircus
594,14,1.0,5c66ff330f19850d1d7a4b9c,meetup-group-lQkGmLns
595,14,1.0,5c66ff340f19850d1d7a4b9d,Thank-GAIA-Its-Friday-Discussion-Group
596,14,1.0,5c66ff340f19850d1d7a4b9e,AtlantaGroupMeditationEvents
597,14,1.0,5c66ff340f19850d1d7a4b9f,The-reparenting-project
598,14,1.0,5c66ff340f19850d1d7a4ba0,Qoya-dance-and-movement-for-women
599,14,1.0,5c66ff340f19850d1d7a4ba1,Be-One-With-Me
600,14,1.0,5c66ff340f19850d1d7a4ba2,Yoga-Journey-Studio
601,14,1.0,5c66ff340f19850d1d7a4ba3,CHYK-Vedanta-Satsang-Toronto
602,14,1.0,5c66ff340f19850d1d7a4ba4,Business-Women-Rocking-Wellness-and-Weight-loss
603,14,1.0,5c66ff340f19850d1d7a4ba5,mentalhealthpro-71
604,14,1.0,5c66ff340f19850d1d7a4ba6,Access-Consciousness-in-Montreal
605,14,1.0,5c66ff340f19850d1d7a4ba7,Edmonds-Gratitude-Circle
606,14,1.0,5c66ff340f19850d1d7a4ba8,Vinyasa-Yoga-Meditacion-y-Mindfulness-en-Anandamaya-Madrid
607,14,1.0,5c66ff340f19850d1d7a4ba9,Revolution-Zen
608,14,1.0,5c66ff340f19850d1d7a4baa,Clase-de-yoga-en-terraza
609,14,1.0,5c66ff340f19850d1d7a4bab,Formacion-artistica-y-accion-social
610,14,1.0,5c66ff340f19850d1d7a4bac,MeeDi-Korperachtsamkeit-und-Meditation
611,14,1.0,5c66ff340f19850d1d7a4bad,Urban-Mindfulness-The-Three-Kernel-System
612,14,1.0,5c66ff340f19850d1d7a4bae,Traveling-with-ME-MYSELF-and-I
613,14,1.0,5c66ff340f19850d1d7a4baf,createluck
614,14,1.0,5c66ff340f19850d1d7a4bb0,Pranic-Healing-Malaysia
615,14,1.0,5c66ff350f19850d1d7a4bb1,Personal-Energy-Balance
616,14,1.0,5c66ff350f19850d1d7a4bb2,HoustonFirewalkers
617,14,1.0,5c66ff350f19850d1d7a4bb3,Recuperative-Yoga
618,14,1.0,5c66ff350f19850d1d7a4bb4,Frisco-Essential-Oils-Meetup
619,14,1.0,5c66ff350f19850d1d7a4bb5,Empowered-Wellness-with-Natural-Alternatives
620,14,1.0,5c66ff350f19850d1d7a4bb6,Meditation-Training-Community-Meetup
621,25,1.0,5c66ff350f19850d1d7a4bb7,Geek-Mommies-Of-Bedminster-Bridgewater
622,25,1.0,5c66ff350f19850d1d7a4bb8,Los-Angeles-South-Bay-Prenatal-Yoga-Meetup
623,25,1.0,5c66ff350f19850d1d7a4bb9,Eveil-anglais-bebe-de-la-grossesse-aux-36-mois-avec-parent
624,25,1.0,5c66ff350f19850d1d7a4bba,Noblesvile-Horse-Riders
625,25,1.0,5c66ff350f19850d1d7a4bbb,Pregnant-New-Parents-in-Greater-Boston
626,25,1.0,5c66ff350f19850d1d7a4bbc,watertownparents
627,25,1.0,5c66ff350f19850d1d7a4bbd,Single-Parent-Society-Charlottesville
628,25,1.0,5c66ff350f19850d1d7a4bbe,Parents-with-children-with-emotional-difficulties
629,25,1.0,5c66ff350f19850d1d7a4bbf,Devoxx4Kids-Denver
630,25,1.0,5c66ff350f19850d1d7a4bc0,NYC-Parenting-and-Educational-Resources
631,25,1.0,5c66ff350f19850d1d7a4bc1,CannaMamas
632,25,1.0,5c66ff350f19850d1d7a4bc2,parents1
633,25,1.0,5c66ff350f19850d1d7a4bc3,Solo-Parents
634,25,1.0,5c66ff350f19850d1d7a4bc4,Music-Makin-Moms
635,25,1.0,5c66ff350f19850d1d7a4bc5,Meetup-Activites-en-famille
636,25,1.0,5c66ff360f19850d1d7a4bc6,Longmont-Area-Homeschool-Meetup
637,25,1.0,5c66ff360f19850d1d7a4bc7,Explore-Local-Learning-Events
638,8,1.0,5c66ff360f19850d1d7a4bc8,New-York-City-stylists
639,8,1.0,5c66ff360f19850d1d7a4bc9,Des-cheveux-delicats-mais-costauds
640,8,1.0,5c66ff360f19850d1d7a4bca,Makeup-Artist-and-Photography-Networking
641,8,1.0,5c66ff360f19850d1d7a4bcb,Eaglescliffe-Beauty-Meetup
642,8,1.0,5c66ff360f19850d1d7a4bcc,Encontro-Empresarial
643,8,1.0,5c66ff360f19850d1d7a4bcd,Meetup-de-Belleza-y-Estetica
644,8,1.0,5c66ff360f19850d1d7a4bce,wineandfoodpartytokyo
645,31,1.0,5c66ff360f19850d1d7a4bcf,Bay-Area-Adventures-and-Nightlife
646,31,1.0,5c66ff360f19850d1d7a4bd0,Comedy-Club-Lounge-Meetup
647,31,1.0,5c66ff360f19850d1d7a4bd1,Dublin-Local-History-Meetup
648,31,0.3485254691689008,5c66ff360f19850d1d7a4bd2,activities
649,31,0.6775244299674267,5c66ff360f19850d1d7a4bd3,The-Pinellas-County-Meetup-Group
